{
  "v2.2.0": {
    "avg_duration_ms": 1679.851647263847,
    "avg_token_cost": 1808.0,
    "total_duration_s": 167.9851647263847,
    "total_token": 180800
  },
  "v2.3.0": {
    "avg_duration_ms": 237.8084857005407,
    "avg_token_cost": 374.75,
    "total_duration_s": 23.78084857005407,
    "total_token": 37475,
    "cache_hit_rate": 0.81,
    "avg_optimizations": 3.27
  },
  "improvements": {
    "duration": 0.8584348289994032,
    "duration_percent": "85.8%",
    "token": 0.7927267699115044,
    "token_percent": "79.3%",
    "cache_hit_rate": 0.81,
    "avg_optimizations": 3.27
  }
}